-- MySQL Script generated by MySQL Workbench
-- Thu Nov 12 23:39:24 2020
-- Model: New Model    Version: 1.0
-- MySQL Workbench Forward Engineering

SET @OLD_UNIQUE_CHECKS=@@UNIQUE_CHECKS, UNIQUE_CHECKS=0;
SET @OLD_FOREIGN_KEY_CHECKS=@@FOREIGN_KEY_CHECKS, FOREIGN_KEY_CHECKS=0;
SET @OLD_SQL_MODE=@@SQL_MODE, SQL_MODE='ONLY_FULL_GROUP_BY,STRICT_TRANS_TABLES,NO_ZERO_IN_DATE,NO_ZERO_DATE,ERROR_FOR_DIVISION_BY_ZERO,NO_ENGINE_SUBSTITUTION';

-- -----------------------------------------------------
-- Schema DruzynaV2
-- -----------------------------------------------------

-- -----------------------------------------------------
-- Schema DruzynaV2
-- -----------------------------------------------------
CREATE SCHEMA IF NOT EXISTS `DruzynaV2` DEFAULT CHARACTER SET utf8 ;
USE `DruzynaV2` ;

-- -----------------------------------------------------
-- Table `DruzynaV2`.`analiza_potreningowa`
-- -----------------------------------------------------
CREATE TABLE IF NOT EXISTS `DruzynaV2`.`analiza_potreningowa` (
  `id` INT NOT NULL AUTO_INCREMENT,
  `Tetno` INT NOT NULL,
  `Cisnienie_skurczowe` INT NOT NULL,
  `Cisnienie_rozkurczowe` INT NOT NULL,
  `Ogolne_badanie` VARCHAR(45) NOT NULL,
  PRIMARY KEY (`id`))
ENGINE = InnoDB;


-- -----------------------------------------------------
-- Table `DruzynaV2`.`obiekty`
-- -----------------------------------------------------
CREATE TABLE IF NOT EXISTS `DruzynaV2`.`obiekty` (
  `id` INT NOT NULL AUTO_INCREMENT,
  `Rodzaj` VARCHAR(45) NOT NULL,
  PRIMARY KEY (`id`))
ENGINE = InnoDB;


-- -----------------------------------------------------
-- Table `DruzynaV2`.`treningi`
-- -----------------------------------------------------
CREATE TABLE IF NOT EXISTS `DruzynaV2`.`treningi` (
  `id` INT NOT NULL AUTO_INCREMENT,
  `Rodzaj` VARCHAR(45) NOT NULL,
  `Dlugosc` INT NOT NULL,
  `obiekty_id` INT NOT NULL,
  PRIMARY KEY (`id`),
  INDEX `fk_treningi_obiekty_sportowe1_idx` (`obiekty_id` ASC) VISIBLE,
  CONSTRAINT `fk_treningi_obiekty_sportowe1`
    FOREIGN KEY (`obiekty_id`)
    REFERENCES `DruzynaV2`.`obiekty` (`id`)
    ON DELETE NO ACTION
    ON UPDATE NO ACTION)
ENGINE = InnoDB;


-- -----------------------------------------------------
-- Table `DruzynaV2`.`ludzie_od_odnowy_biologicznej_i_pomocy_medycznej`
-- -----------------------------------------------------
CREATE TABLE IF NOT EXISTS `DruzynaV2`.`ludzie_od_odnowy_biologicznej_i_pomocy_medycznej` (
  `id` INT NOT NULL AUTO_INCREMENT,
  `Rodzaj` VARCHAR(45) NOT NULL,
  `Imie` VARCHAR(45) NOT NULL,
  `Nazwisko` VARCHAR(45) NOT NULL,
  PRIMARY KEY (`id`))
ENGINE = InnoDB;


-- -----------------------------------------------------
-- Table `DruzynaV2`.`dietetycy`
-- -----------------------------------------------------
CREATE TABLE IF NOT EXISTS `DruzynaV2`.`dietetycy` (
  `id` INT NOT NULL AUTO_INCREMENT,
  `Imie` VARCHAR(45) NOT NULL,
  `Nazwisko` VARCHAR(45) NOT NULL,
  PRIMARY KEY (`id`))
ENGINE = InnoDB;


-- -----------------------------------------------------
-- Table `DruzynaV2`.`plan_jedzeniowy`
-- -----------------------------------------------------
CREATE TABLE IF NOT EXISTS `DruzynaV2`.`plan_jedzeniowy` (
  `id` INT NOT NULL AUTO_INCREMENT,
  `dietetycy_id` INT NOT NULL,
  PRIMARY KEY (`id`),
  INDEX `fk_plan_jedzeniowy_dietetycy1_idx` (`dietetycy_id` ASC) VISIBLE,
  CONSTRAINT `fk_plan_jedzeniowy_dietetycy1`
    FOREIGN KEY (`dietetycy_id`)
    REFERENCES `DruzynaV2`.`dietetycy` (`id`)
    ON DELETE NO ACTION
    ON UPDATE NO ACTION)
ENGINE = InnoDB;


-- -----------------------------------------------------
-- Table `DruzynaV2`.`zawodnicy`
-- -----------------------------------------------------
CREATE TABLE IF NOT EXISTS `DruzynaV2`.`zawodnicy` (
  `id` INT NOT NULL AUTO_INCREMENT,
  `Pozycja` VARCHAR(45) NOT NULL,
  `Wiek` VARCHAR(45) NOT NULL,
  `Stan_zdrowia` VARCHAR(45) NOT NULL,
  `Stan_wagi` VARCHAR(45) NOT NULL,
  `Imie` VARCHAR(45) NOT NULL,
  `Nazwisko` VARCHAR(45) NOT NULL,
  `analiza_potreningowa_id` INT NOT NULL,
  `treningi_id` INT NOT NULL,
  `ludzie_od_odnowy_biologicznej_i_pomocy_medycznej_id` INT NOT NULL,
  `plan_jedzeniowy_id` INT NOT NULL,
  PRIMARY KEY (`id`, `plan_jedzeniowy_id`),
  INDEX `fk_zawodnicy_analiza_potreningowa1_idx` (`analiza_potreningowa_id` ASC) VISIBLE,
  INDEX `fk_zawodnicy_treningi1_idx` (`treningi_id` ASC) VISIBLE,
  INDEX `fk_zawodnicy_ludzie_od_odnowy_biologicznej_i_pomocy_medyczn_idx` (`ludzie_od_odnowy_biologicznej_i_pomocy_medycznej_id` ASC) VISIBLE,
  INDEX `fk_zawodnicy_plan_jedzeniowy1_idx` (`plan_jedzeniowy_id` ASC) VISIBLE,
  CONSTRAINT `fk_zawodnicy_analiza_potreningowa1`
    FOREIGN KEY (`analiza_potreningowa_id`)
    REFERENCES `DruzynaV2`.`analiza_potreningowa` (`id`)
    ON DELETE NO ACTION
    ON UPDATE NO ACTION,
  CONSTRAINT `fk_zawodnicy_treningi1`
    FOREIGN KEY (`treningi_id`)
    REFERENCES `DruzynaV2`.`treningi` (`id`)
    ON DELETE NO ACTION
    ON UPDATE NO ACTION,
  CONSTRAINT `fk_zawodnicy_ludzie_od_odnowy_biologicznej_i_pomocy_medycznej1`
    FOREIGN KEY (`ludzie_od_odnowy_biologicznej_i_pomocy_medycznej_id`)
    REFERENCES `DruzynaV2`.`ludzie_od_odnowy_biologicznej_i_pomocy_medycznej` (`id`)
    ON DELETE NO ACTION
    ON UPDATE NO ACTION,
  CONSTRAINT `fk_zawodnicy_plan_jedzeniowy1`
    FOREIGN KEY (`plan_jedzeniowy_id`)
    REFERENCES `DruzynaV2`.`plan_jedzeniowy` (`id`)
    ON DELETE NO ACTION
    ON UPDATE NO ACTION)
ENGINE = InnoDB;


-- -----------------------------------------------------
-- Table `DruzynaV2`.`trenerzy`
-- -----------------------------------------------------
CREATE TABLE IF NOT EXISTS `DruzynaV2`.`trenerzy` (
  `id` INT NOT NULL AUTO_INCREMENT,
  `Specjalnosc` VARCHAR(45) NOT NULL,
  `Imie` VARCHAR(45) NOT NULL,
  `Nazwisko` VARCHAR(45) NOT NULL,
  `treningi_id` INT NOT NULL,
  PRIMARY KEY (`id`),
  INDEX `fk_trenerzy_treningi1_idx` (`treningi_id` ASC) VISIBLE,
  CONSTRAINT `fk_trenerzy_treningi1`
    FOREIGN KEY (`treningi_id`)
    REFERENCES `DruzynaV2`.`treningi` (`id`)
    ON DELETE NO ACTION
    ON UPDATE NO ACTION)
ENGINE = InnoDB;


-- -----------------------------------------------------
-- Table `DruzynaV2`.`produkty`
-- -----------------------------------------------------
CREATE TABLE IF NOT EXISTS `DruzynaV2`.`produkty` (
  `id` INT NOT NULL AUTO_INCREMENT,
  `Ilosckalorii` INT NOT NULL,
  `IndeksGlikemiczny` INT NOT NULL,
  `Gramatura` INT NOT NULL,
  `plan_jedzeniowy_id` INT NOT NULL,
  PRIMARY KEY (`id`, `plan_jedzeniowy_id`),
  INDEX `fk_produkty_plan_jedzeniowy1_idx` (`plan_jedzeniowy_id` ASC) VISIBLE,
  CONSTRAINT `fk_produkty_plan_jedzeniowy1`
    FOREIGN KEY (`plan_jedzeniowy_id`)
    REFERENCES `DruzynaV2`.`plan_jedzeniowy` (`id`)
    ON DELETE NO ACTION
    ON UPDATE NO ACTION)
ENGINE = InnoDB;


SET SQL_MODE=@OLD_SQL_MODE;
SET FOREIGN_KEY_CHECKS=@OLD_FOREIGN_KEY_CHECKS;
SET UNIQUE_CHECKS=@OLD_UNIQUE_CHECKS;

INSERT INTO obiekty (Rodzaj) VALUES ('Stadion'),
('Silownia'),
('Gabinet');

INSERT INTO treningi (Rodzaj,Dlugosc,obiekty_id) VALUES ('Drużynowy','60','1'),
('Drużynowy','120','1'),
('Indywidualny','30','3'),
('Indywidualny','60','2'),
('Indywidualny','60','1');

INSERT INTO dietetycy (Imie,Nazwisko) VALUES ('Alicja','Jankowska'),
('Krystian','Witkowski'),
('Jakub','Leśniak');

INSERT INTO plan_jedzeniowy (dietetycy_id) VALUES ('1'),
('2'),
('3');

INSERT INTO trenerzy (Specjalnosc,Imie,Nazwisko,treningi_id) VALUES ('Przygotowanie fizyczne','Monika','Krupa','1'),
('Przygotowanie fizyczne','Jakub','Sikora','1'),
('Przygotowanie fizyczne','Maciek','Wójcik','4'),
('Przygotowanie fizyczne','Damian','Wójtowicz','1'),
('Przygotowanie psychiczne','Szymon','Sikor','3'),
('Przygotowanie psychiczne','Amelia','Matusiak','3'),
('Przygotowanie psychiczne','Anna','Dąbrowska','3'),
('Bramkarze','Mateusz','Owczar','5'),
('Bramkarze','Maciej','Mazur','5'),
('Główny Trener','Maciej','Brzeziński','2');

INSERT INTO ludzie_od_odnowy_biologicznej_i_pomocy_medycznej (Rodzaj,Imie,Nazwisko) VALUES ('Fizjoterapeuta','Mikołaj','Adamczyk'),
('Fizjoterapeuta','Katarzyna','Czarnecka'),
('Fizjoterapeuta','Krzysztof','Nowak'),
('Fizjoterapeuta','Szymon','Kopeć'),
('Masażysta','Hubert','Czajka'),
('Masażysta','Matylda','Duda'),
('Masażysta','Jakub','Jasiński'),
('Masażysta','Piotr','Owczarek');

INSERT INTO analiza_potreningowa (Tetno,Cisnienie_skurczowe,Cisnienie_rozkurczowe,Ogolne_badanie) VALUES ('35','125','85','Zdrowy'),
('32','122','83','Zdrowy'),
('31','119','85','Zdrowy'),
('35','130','90','Zdrowy'),
('40','110','80','Zdrowy'),
('35','125','85','Zdrowy'),
('33','125','85','Zdrowy'),
('35','130','85','Zdrowy'),
('35','125','85','Zdrowy'),
('35','125','82','Zdrowy'),
('34','124','85','Zdrowy'),
('30','120','80','Zdrowy'),
('50','120','85','Zdrowy'),
('45','125','85','Zdrowy'),
('35','125','85','Zdrowy'),
('32','135','85','Zdrowy'),
('31','124','85','Zdrowy'),
('30','123','85','Zdrowy');

INSERT INTO zawodnicy (Pozycja,Wiek,Stan_zdrowia,Stan_wagi,Imie,Nazwisko,analiza_potreningowa_id,treningi_id,ludzie_od_odnowy_biologicznej_i_pomocy_medycznej_id,plan_jedzeniowy_id) VALUES ('Bramkarz','19','Dobry','Dobra','Pawel','Nowak','1','5','5','1'),
('Bramkarz','25','Bardzo dobry','Dobra','Krystian','Witkowski','2','2','6','1'),
('Bramkarz','32','Zły','Nadwaga','Jakub','Leśniak','3','3','1','2'),
('Obrońca','22','Dobry','Niedowaga','Marcin','Grabowski','4','4','7','3'),
('Obrońca','26','Bardzo dobry','Dobra','Marcin','Bąk','5','1','8','1'),
('Obrońca','30','Dobry','Dobra','Maciej','Markowski','6','1','5','1'),
('Obrońca','18','Dobry','Niedowaga','Kacper','Stepien','7','2','6','3'),
('Obrońca','20','Bardzo zły','Dobra','Patryk','Bąk','8','3','2','1'),
('Obrońca','27','Dobry','Dobra','Mikołaj','Nowakowski','9','2','7','1'),
('Pomocnik','21','Dobry','Niedowaga','Kamil','Cieślik','10','4','8','3'),
('Pomocnik','25','Bardzo dobry','Dobra','Andrzej','Sawicki','11','1','5','1'),
('Pomocnik','31','Dobry','Nadwaga','Oskar','Zieliński','12','1','6','2'),
('Pomocnik','35','Zły','nadwaga','Alan','Szymański','13','3','3','2'),
('Pomocnik','23','Bardzo zły','Dobra','Hugo','Pawlik','14','2','4','1'),
('Pomocnik','28','Dobry','Dobra','Dawid','Jakubowski','15','2','7','1'),
('Napastnik','17','Bardzo dobry','Niedowaga','Rafał','Małek','16','4','8','3'),
('Napastnik','24','Dobry','Dobra','Jakub','Urban','17','2','5','1'),
('Napastnik','18','Bardzo dobry','Dobra','Filip','Witkowski','18','2','6','1');

INSERT INTO produkty (Nazwa,Ilosckalorii,IndeksGlikemiczny,Gramatura,plan_jedzeniowy_id) VALUES ('Jajko','91','0','65','2'),
('Jogurt Naturalny','150','35','250','2'),
('Twaróg półtłusty','132','30','100','2'),
('Salami','69','0','20','2'),
('Szynka Wieprzowa','51','0','21','1'),
('Pierś z kurczaka','18','0','15','1'),
('Filet z dorsza','78','0','100','2'),
('Masło','37','0','5','1'),
('Olej rzepakowy','88','0','10','1'),
('Chleb żytni','79','50','35','2'),
('Kasza gryczana','172','40','50','2'),
('Kawa bez cukru','0','0','250','1'),
 ('Herbata bez cukru','0','0','250','2'),
 ('Pomarańcza','113','35','240','2'),
 ('Banan','116','45','120','1'),
 ('Kiwi','45','50','75','3'),
 ('Pomidor','32','15','170','1'),
 ('Ogórek gruntowy','15','15','100','1'),
 ('Czekolada gorzka','566','20','100','1'),
 ('Cola','104','60','240','3'),
 ('Winogrono zielone','50','45','70','3'),
 ('Burak','44','65','120','3'),
 ('Ciastko owsiane','56','60','12','1'),
 ('Ryż biały','144','100','120','3'),
 ('Płatki kukurydziane','113','85','30','3'),
 ('Arbuz','36','75','100','3'),
 ('Gotowane ziemniaki','128','70','180','3'),
 ('Marchew gotowana','28','80','80','3');